Time elapsed was 66ns or 0.000000066s,66,6.6E-08
Time elapsed was 49ns or 0.000000049s,49,4.9E-08
Time elapsed was 49ns or 0.000000049s,49,4.9E-08
Time elapsed was 72ns or 0.000000072s,72,7.2E-08
Time elapsed was 159ns or 0.000000159s,159,1.59E-07
Time elapsed was 74ns or 0.000000074s,74,7.4E-08
Time elapsed was 73ns or 0.000000073s,73,7.3E-08
Time elapsed was 81ns or 0.000000081s,81,8.1E-08
Time elapsed was 60ns or 0.000000060s,60,6E-08
Time elapsed was 121ns or 0.000000121s,121,1.21E-07
,80.4,8.04E-08
