Time elapsed was 179874ns or 0.000179874s,179874,0.000179874
Time elapsed was 181299ns or 0.000181299s,181299,0.000181299
Time elapsed was 224060ns or 0.000224060s,22406,0.00022406
Time elapsed was 179427ns or 0.000179427s,179427,0.000179427
Time elapsed was 179610ns or 0.000179610s,179610,0.00017961
Time elapsed was 176783ns or 0.000176783s,176783,0.000176783
Time elapsed was 227080ns or 0.000227080s,227080,0.00022708
Time elapsed was 231147ns or 0.000231147s,231147,0.000231147
Time elapsed was 181608ns or 0.000181608s,181608,0.000181608
Time elapsed was 185204ns or 0.000185204s,185204,0.000185204
MEAN,174443.8,0.000194609
